Local time,Open,High,Low,Close,Volume
31.07.2017 16:00:00.000 GMT-0500,2889,4769,2646,4742,47815.14230000001
31.08.2017 16:00:00.000 GMT-0500,4742,4745,2975,4173,49443.27819999997
30.09.2017 16:00:00.000 GMT-0500,4388,6430,4146,6378,44396.31950000002
31.10.2017 16:00:00.000 GMT-0500,6377,11439,5605,9662,52485.43559999992
30.11.2017 17:00:00.000 GMT-0500,9661,19512,9377,14313,42794.83529999999
31.12.2017 17:00:00.000 GMT-0500,13599,16980,9225,10065,18273.446899999995
31.01.2018 17:00:00.000 GMT-0500,10057,11826,5982,10582,17477.677000000003
28.02.2018 17:00:00.000 GMT-0500,10589,11771,6661,6939,25280.745000000003
31.03.2018 16:00:00.000 GMT-0500,6894,9828,6583,9346,29904.314999999977
30.04.2018 16:00:00.000 GMT-0500,9346,9872,7117,7606,26649.27750000002
31.05.2018 16:00:00.000 GMT-0500,7605,7820,5852,5962,25414.687499999967
30.06.2018 16:00:00.000 GMT-0500,6400,8541,6146,7753,26398.314999999973
31.07.2018 16:00:00.000 GMT-0500,7763,7831,5947,7108,2701.122499999998
31.08.2018 16:00:00.000 GMT-0500,7344,7464,6172,6708,49.77419999999995
30.09.2018 16:00:00.000 GMT-0500,6623,7376,6181,6363,24.914500000000018
31.10.2018 16:00:00.000 GMT-0500,6363,6598,3581,3991,23.869600000000002
30.11.2018 17:00:00.000 GMT-0500,4206,4296,3195,3733,30.527000000000005
31.12.2018 17:00:00.000 GMT-0500,3733,4162,3401,3477,21.370900000000002
31.01.2019 17:00:00.000 GMT-0500,3477,4046,3395,3861,3393.4713999999994
28.02.2019 17:00:00.000 GMT-0500,3861,4156,3731,4134,3330.7048000000013
31.03.2019 16:00:00.000 GMT-0500,4148,5679,4110,5295,834.2516999999999
30.04.2019 16:00:00.000 GMT-0500,5296,9138,5295,8562,4259.134500000002
31.05.2019 16:00:00.000 GMT-0500,8742,13910,7505,12275,8725.515
30.06.2019 16:00:00.000 GMT-0500,11447,13246,9139,10083,22184.884700000017
31.07.2019 16:00:00.000 GMT-0500,10083,12374,9381,9685,14759.869100000009
31.08.2019 16:00:00.000 GMT-0500,9699,10998,7768,8294,12289.100100000001
30.09.2019 16:00:00.000 GMT-0500,8294,9984,7361,9269,14712.262099999996
31.10.2019 16:00:00.000 GMT-0500,9270,9606,6585,7803,11916.9271
30.11.2019 17:00:00.000 GMT-0500,7413,7814,6492,7216,10964.500199999993
31.12.2019 17:00:00.000 GMT-0500,7216,9622,6915,9362,14507.608400000003
31.01.2020 17:00:00.000 GMT-0500,9493,10564,8491,8674,13448.547700000005
29.02.2020 17:00:00.000 GMT-0500,8540,9236,3965,6538,15510.246600000006
31.03.2020 16:00:00.000 GMT-0500,6538,9525,6215,8883,8799.282000000001
30.04.2020 16:00:00.000 GMT-0500,8883,10129,8254,9477,11336.6809
31.05.2020 16:00:00.000 GMT-0500,9565,10440,8958,9205,5981.818399999998
30.06.2020 16:00:00.000 GMT-0500,9205,11511,8985,11380,1233.3644999999972
31.07.2020 16:00:00.000 GMT-0500,11684,12528,11012,11738,37.70959999999996
31.08.2020 16:00:00.000 GMT-0500,11733,12117,9877,10732,42.16930000000001
30.09.2020 16:00:00.000 GMT-0500,10732,14095,10405,13872,28.827700000000018
31.10.2020 16:00:00.000 GMT-0500,13873,19885,13240,19403,61.84369999999999
30.11.2020 17:00:00.000 GMT-0500,19403,29326,17613,29020,98.25709999999995
31.12.2020 17:00:00.000 GMT-0500,29275,42019,27952,32635,938003.4239999999
31.01.2021 17:00:00.000 GMT-0500,32687,58401,32363,45289,54.01450000000005
28.02.2021 17:00:00.000 GMT-0500,45304,61819,44921,59005,46.83779999999999
31.03.2021 16:00:00.000 GMT-0500,59005,64899,47109,56870,41.99330000000002
30.04.2021 16:00:00.000 GMT-0500,56875,59610,30015,36734,63.57419999999999
31.05.2021 16:00:00.000 GMT-0500,36733,41343,28874,34633,60.852900000000005
30.06.2021 16:00:00.000 GMT-0500,34653,42413,29347,41588,29.51190000000002
31.07.2021 16:00:00.000 GMT-0500,41588,50553,37378,47066,38.94329999999999
31.08.2021 16:00:00.000 GMT-0500,46995,52965,39676,43500,46.85459999999996
30.09.2021 16:00:00.000 GMT-0500,43502,67008,43353,61014,66.78480000000006
31.10.2021 16:00:00.000 GMT-0500,61024,69035,53418,57186,63.72040000000001
30.11.2021 17:00:00.000 GMT-0500,57146,59143,42518,47537,59.0233999999999
31.12.2021 17:00:00.000 GMT-0500,47104,48020,33036,38483,48.3905
31.01.2022 17:00:00.000 GMT-0500,38497,45874,34394,41696,44.57299999999998
28.02.2022 17:00:00.000 GMT-0500,41748,48254,37220,45814,51.29190000000005
31.03.2022 16:00:00.000 GMT-0500,45824,47500,37785,38381,29.266300000000015
30.04.2022 16:00:00.000 GMT-0500,38402,40060,25431,31849,45.3087
31.05.2022 16:00:00.000 GMT-0500,31840,32013,17643,18780,63.23769999999994
30.06.2022 16:00:00.000 GMT-0500,18803,24715,18760,23844,60.07339999999995
31.07.2022 16:00:00.000 GMT-0500,23871,25240,19562,20239,46.788399999999974
31.08.2022 16:00:00.000 GMT-0500,20225,22814,18209,19465,19.713699999999992
30.09.2022 16:00:00.000 GMT-0500,19465,21108,18222,20448,5.212599999999993
31.10.2022 16:00:00.000 GMT-0500,20439,21541,15511,17139,17.204199999999997
30.11.2022 17:00:00.000 GMT-0500,17135,18403,16316,16658,9.318299999999985
31.12.2022 17:00:00.000 GMT-0500,16604,23993,16585,22985,16.528899999999997
31.01.2023 17:00:00.000 GMT-0500,22982,25285,21415,23183,13.0024
28.02.2023 17:00:00.000 GMT-0500,23160,29209,19613,28423,39.641000000000005
31.03.2023 16:00:00.000 GMT-0500,28423,31069,27020,29386,13.705199999999998
30.04.2023 16:00:00.000 GMT-0500,29386,29910,25867,27149,5.833600000000003
31.05.2023 16:00:00.000 GMT-0500,27149,31449,24795,30427,9.14829999999999
30.06.2023 16:00:00.000 GMT-0500,30427,31861,28900,29242,3.4150000000000076
31.07.2023 16:00:00.000 GMT-0500,29234,30228,25399,26062,3.948300000000005
31.08.2023 16:00:00.000 GMT-0500,26033,27527,24960,27106,4.4568999999999965
30.09.2023 16:00:00.000 GMT-0500,27106,35231,26571,34680,5.160099999999997
31.10.2023 16:00:00.000 GMT-0500,34680,38472,34141,37782,5.420699999999999
30.11.2023 17:00:00.000 GMT-0500,37773,44756,37656,42520,5.5722000000000005
31.12.2023 17:00:00.000 GMT-0500,43713,49022,38549,42487,73.57790000000003
31.01.2024 17:00:00.000 GMT-0500,42487,64069,41893,61443,77.25619999999996
29.02.2024 17:00:00.000 GMT-0500,61447,73834,59201,70890,109.38229999999999
31.03.2024 16:00:00.000 GMT-0500,70890,72777,59154,59989,38.8506
30.04.2024 16:00:00.000 GMT-0500,59904,71994,56565,67729,29.767500000000005
31.05.2024 16:00:00.000 GMT-0500,67694,71995,58491,61952,29.608300000000007
30.06.2024 16:00:00.000 GMT-0500,61950,70038,53563,64604,42.061599999999984
31.07.2024 16:00:00.000 GMT-0500,64604,65628,49309,59018,51.653599999999926
31.08.2024 16:00:00.000 GMT-0500,59015,66484,52595,63818,26.75799999999997
30.09.2024 16:00:00.000 GMT-0500,63819,73604,58922,69965,18.3966
31.10.2024 16:00:00.000 GMT-0500,69964,99800,66832,96856,45.03610000000005
30.11.2024 17:00:00.000 GMT-0500,96889,108377,92059,97367,15.746300000000987